{
    "created_at": "2019-12-23T04:47:40.139Z",
    "updated_at": "2019-12-23T04:47:40.139Z",
    "title": "About",
    "uid": "about_page",
    "_version": 1,
    "inbuilt_class": false,
    "schema": [{
        "display_name": "Title",
        "uid": "title",
        "data_type": "text",
        "field_metadata": {
            "_default": true,
            "version": 3
        },
        "unique": true,
        "mandatory": true,
        "multiple": false,
        "non_localizable": false
    }, {
        "display_name": "URL",
        "uid": "url",
        "data_type": "text",
        "field_metadata": {
            "_default": true,
            "version": 3
        },
        "unique": false,
        "mandatory": true,
        "multiple": false,
        "non_localizable": false
    }, {
        "data_type": "group",
        "display_name": "SEO",
        "field_metadata": {
            "ref_multiple": false
        },
        "uid": "seo",
        "mandatory": false,
        "multiple": false,
        "unique": false,
        "schema": [{
            "data_type": "text",
            "display_name": "Title",
            "uid": "title",
            "field_metadata": {
                "description": "",
                "version": 3
            },
            "unique": false,
            "mandatory": false,
            "multiple": false,
            "non_localizable": false
        }, {
            "data_type": "text",
            "display_name": "Description",
            "uid": "description",
            "field_metadata": {
                "ref_multiple": false,
                "multiline": true,
                "description": "",
                "version": 3
            },
            "unique": false,
            "mandatory": false,
            "multiple": false,
            "non_localizable": false
        }, {
            "data_type": "text",
            "display_name": "Keywords",
            "uid": "keywords",
            "field_metadata": {
                "description": "",
                "version": 3
            },
            "unique": false,
            "mandatory": false,
            "multiple": false,
            "non_localizable": false
        }],
        "non_localizable": false
    }, {
        "display_name": "Team Section",
        "uid": "team_section",
        "data_type": "group",
        "field_metadata": {
            "ref_multiple": false,
            "rich_text_type": "standard",
            "description": ""
        },
        "mandatory": false,
        "multiple": false,
        "unique": false,
        "schema": [{
            "display_name": "Content",
            "uid": "content",
            "data_type": "text",
            "field_metadata": {
                "allow_rich_text": true,
                "ref_multiple": false,
                "rich_text_type": "standard",
                "description": "",
                "version": 3
            },
            "unique": false,
            "mandatory": false,
            "multiple": false,
            "non_localizable": false
        }, {
            "display_name": "Image",
            "uid": "image",
            "data_type": "file",
            "field_metadata": {
                "image": true,
                "ref_multiple": false,
                "rich_text_type": "standard",
                "description": ""
            },
            "mandatory": false,
            "multiple": false,
            "unique": false,
            "non_localizable": false
        }, {
            "display_name": "CTA",
            "uid": "cta",
            "data_type": "group",
            "field_metadata": {
                "ref_multiple": false,
                "rich_text_type": "standard",
                "description": ""
            },
            "mandatory": false,
            "multiple": true,
            "unique": false,
            "schema": [{
                "display_name": "Title",
                "uid": "title",
                "data_type": "text",
                "field_metadata": {
                    "_default": true,
                    "version": 3
                },
                "unique": false,
                "mandatory": false,
                "multiple": false,
                "non_localizable": false
            }, {
                "display_name": "Link",
                "uid": "link",
                "data_type": "text",
                "field_metadata": {
                    "ref_multiple": false,
                    "rich_text_type": "standard",
                    "description": "",
                    "version": 3
                },
                "unique": false,
                "mandatory": false,
                "multiple": false,
                "non_localizable": false
            }, {
                "display_name": "Open in New Tab",
                "uid": "open_in_new_tab",
                "data_type": "boolean",
                "field_metadata": {
                    "ref_multiple": false,
                    "rich_text_type": "standard",
                    "description": ""
                },
                "unique": false,
                "multiple": false,
                "mandatory": false,
                "non_localizable": false
            }],
            "non_localizable": false
        }],
        "non_localizable": false
    }, {
        "display_name": "Promote",
        "uid": "promote",
        "data_type": "group",
        "field_metadata": {
            "ref_multiple": false,
            "rich_text_type": "standard",
            "description": ""
        },
        "mandatory": false,
        "multiple": false,
        "unique": false,
        "schema": [{
            "display_name": "Description",
            "uid": "description",
            "data_type": "text",
            "field_metadata": {
                "allow_rich_text": true,
                "ref_multiple": false,
                "rich_text_type": "standard",
                "description": "",
                "version": 3
            },
            "unique": false,
            "mandatory": false,
            "multiple": false,
            "non_localizable": false
        }, {
            "display_name": "Sub Content",
            "uid": "sub_content",
            "data_type": "text",
            "field_metadata": {
                "allow_rich_text": true,
                "ref_multiple": false,
                "rich_text_type": "standard",
                "description": "",
                "version": 3
            },
            "unique": false,
            "mandatory": false,
            "multiple": false,
            "non_localizable": false
        }, {
            "display_name": "Image",
            "uid": "image",
            "data_type": "file",
            "field_metadata": {
                "image": true,
                "ref_multiple": false,
                "rich_text_type": "standard",
                "description": ""
            },
            "mandatory": false,
            "multiple": false,
            "unique": false,
            "non_localizable": false
        }, {
            "display_name": "Store Section",
            "uid": "store_section",
            "data_type": "group",
            "field_metadata": {
                "ref_multiple": false,
                "rich_text_type": "standard",
                "description": ""
            },
            "mandatory": false,
            "multiple": true,
            "unique": false,
            "schema": [{
                "display_name": "Title",
                "uid": "title",
                "data_type": "text",
                "field_metadata": {
                    "_default": true,
                    "version": 3
                },
                "unique": false,
                "mandatory": false,
                "multiple": false,
                "non_localizable": false
            }, {
                "display_name": "Image",
                "uid": "image",
                "data_type": "file",
                "field_metadata": {
                    "image": true,
                    "ref_multiple": false,
                    "rich_text_type": "standard",
                    "description": ""
                },
                "mandatory": false,
                "multiple": false,
                "unique": false,
                "non_localizable": false
            }, {
                "display_name": "Color Image",
                "uid": "color_image",
                "data_type": "file",
                "field_metadata": {
                    "image": true,
                    "ref_multiple": false,
                    "rich_text_type": "standard",
                    "description": ""
                },
                "mandatory": false,
                "multiple": false,
                "unique": false,
                "non_localizable": false
            }],
            "non_localizable": false
        }],
        "non_localizable": false
    }, {
        "display_name": "Testimonials",
        "uid": "testimonials",
        "data_type": "group",
        "field_metadata": {
            "ref_multiple": false,
            "rich_text_type": "standard",
            "description": ""
        },
        "mandatory": false,
        "multiple": true,
        "unique": false,
        "schema": [{
            "display_name": "Title",
            "uid": "title",
            "data_type": "text",
            "field_metadata": {
                "_default": true,
                "version": 3
            },
            "unique": false,
            "mandatory": false,
            "multiple": false,
            "non_localizable": false
        }, {
            "display_name": "Name",
            "uid": "name",
            "data_type": "text",
            "field_metadata": {
                "ref_multiple": false,
                "rich_text_type": "standard",
                "description": "",
                "version": 3
            },
            "unique": false,
            "mandatory": false,
            "multiple": false,
            "non_localizable": false
        }, {
            "display_name": "Description",
            "uid": "description",
            "data_type": "text",
            "field_metadata": {
                "allow_rich_text": true,
                "multiline": false,
                "ref_multiple": false,
                "rich_text_type": "standard",
                "description": "",
                "version": 3
            },
            "unique": false,
            "mandatory": false,
            "multiple": false,
            "non_localizable": false
        }, {
            "display_name": "Background Image",
            "uid": "background_image",
            "data_type": "file",
            "field_metadata": {
                "image": true,
                "ref_multiple": false,
                "rich_text_type": "standard",
                "description": ""
            },
            "mandatory": false,
            "multiple": false,
            "unique": false,
            "non_localizable": false
        }, {
            "display_name": "quote image",
            "uid": "quote_image",
            "data_type": "file",
            "field_metadata": {
                "image": true,
                "ref_multiple": false,
                "rich_text_type": "standard",
                "description": ""
            },
            "mandatory": false,
            "multiple": false,
            "unique": false,
            "non_localizable": false
        }],
        "non_localizable": false
    }],
    "last_activity": {
        "environments": [{
            "uid": "blt86bd054d69719aa9",
            "details": [{
                "locale": "en-us",
                "time": "2017-04-19T07:15:31.626Z"
            }]
        }]
    },
    "maintain_revisions": true,
    "description": "",
    "DEFAULT_ACL": {
        "others": {
            "read": false,
            "create": false
        },
        "management_token": {
            "read": true
        }
    },
    "SYS_ACL": {
        "roles": []
    },
    "options": {
        "singleton": true,
        "_version": 1,
        "sub_title": [],
        "title": "title",
        "is_page": true
    },
    "abilities": {
        "get_one_object": true,
        "get_all_objects": true,
        "create_object": true,
        "update_object": true,
        "delete_object": true,
        "delete_all_objects": true
    }
}