{
    "created_at": "2019-12-31T11:28:45.092Z",
    "updated_at": "2020-01-01T10:20:22.398Z",
    "title": "Blog Page Image",
    "uid": "blog_page_image",
    "_version": 4,
    "inbuilt_class": false,
    "schema": [{
        "display_name": "Blog Image",
        "uid": "title",
        "data_type": "text",
        "mandatory": true,
        "unique": true,
        "field_metadata": {
            "_default": true,
            "version": 3
        },
        "multiple": false,
        "non_localizable": false
    }, {
        "display_name": "URL",
        "uid": "url",
        "data_type": "text",
        "mandatory": true,
        "field_metadata": {
            "_default": true,
            "version": 3
        },
        "multiple": false,
        "unique": false,
        "non_localizable": false
    }, {
        "data_type": "file",
        "display_name": "File",
        "uid": "file",
        "extensions": [],
        "field_metadata": {
            "description": "",
            "rich_text_type": "standard"
        },
        "multiple": false,
        "mandatory": false,
        "unique": false,
        "non_localizable": false
    }, {
        "data_type": "text",
        "display_name": "Blog footer section",
        "uid": "blog_footer_section",
        "field_metadata": {
            "description": "",
            "default_value": "",
            "version": 3
        },
        "format": "",
        "error_messages": {
            "format": ""
        },
        "multiple": false,
        "mandatory": false,
        "unique": false,
        "non_localizable": false
    }, {
        "data_type": "text",
        "display_name": "Blog footer description",
        "uid": "blog_footer_description",
        "field_metadata": {
            "description": "",
            "default_value": "",
            "version": 3
        },
        "format": "",
        "error_messages": {
            "format": ""
        },
        "multiple": false,
        "mandatory": false,
        "unique": false,
        "non_localizable": false
    }],
    "last_activity": {
        "environments": [{
            "uid": "bltde782062802303f2",
            "details": [{
                "locale": "en-us",
                "time": "2020-01-01T10:21:45.380Z"
            }]
        }]
    },
    "maintain_revisions": true,
    "description": "",
    "DEFAULT_ACL": [{
        "k": "others",
        "v": {
            "read": false,
            "create": false
        }
    }, {
        "k": "users.blt3fa673086d929bac",
        "v": {
            "read": true,
            "sub_acl": {
                "read": true
            }
        }
    }],
    "SYS_ACL": {
        "roles": []
    },
    "options": {
        "is_page": true,
        "singleton": true,
        "title": "title",
        "sub_title": []
    },
    "abilities": {
        "get_one_object": true,
        "get_all_objects": true,
        "create_object": true,
        "update_object": true,
        "delete_object": true,
        "delete_all_objects": true
    }
}