{
    "created_at": "2019-12-30T07:16:11.677Z",
    "updated_at": "2020-01-01T10:48:17.041Z",
    "title": "Blog",
    "uid": "blog",
    "_version": 3,
    "inbuilt_class": false,
    "schema": [{
        "display_name": "Title",
        "uid": "title",
        "data_type": "text",
        "mandatory": true,
        "unique": true,
        "field_metadata": {
            "_default": true,
            "version": 3
        },
        "multiple": false,
        "non_localizable": false
    }, {
        "display_name": "URL",
        "uid": "url",
        "data_type": "text",
        "mandatory": false,
        "field_metadata": {
            "_default": true,
            "version": 3
        },
        "multiple": false,
        "unique": false,
        "non_localizable": false
    }, {
        "data_type": "text",
        "display_name": "Blog title",
        "uid": "blog_title",
        "field_metadata": {
            "description": "",
            "default_value": "",
            "version": 3
        },
        "format": "",
        "error_messages": {
            "format": ""
        },
        "multiple": false,
        "mandatory": false,
        "unique": false,
        "non_localizable": false
    }, {
        "data_type": "text",
        "display_name": "blog_content",
        "uid": "blog_content",
        "field_metadata": {
            "description": "",
            "default_value": "",
            "multiline": true,
            "version": 3
        },
        "format": "",
        "error_messages": {
            "format": ""
        },
        "multiple": false,
        "mandatory": false,
        "unique": false,
        "non_localizable": false
    }, {
        "data_type": "file",
        "display_name": "Media",
        "uid": "media",
        "extensions": [],
        "field_metadata": {
            "description": "",
            "rich_text_type": "standard"
        },
        "multiple": false,
        "mandatory": false,
        "unique": false,
        "non_localizable": false
    }],
    "last_activity": {
        "environments": [{
            "uid": "bltde782062802303f2",
            "details": [{
                "locale": "en-us",
                "time": "2020-01-02T08:42:02.729Z"
            }]
        }]
    },
    "maintain_revisions": true,
    "description": "",
    "DEFAULT_ACL": [{
        "k": "others",
        "v": {
            "read": false,
            "create": false
        }
    }, {
        "k": "users.blt3fa673086d929bac",
        "v": {
            "read": true,
            "sub_acl": {
                "read": true
            }
        }
    }],
    "SYS_ACL": {
        "roles": []
    },
    "options": {
        "is_page": true,
        "singleton": false,
        "title": "title",
        "sub_title": [],
        "url_pattern": "/:title",
        "url_prefix": "/"
    },
    "abilities": {
        "get_one_object": true,
        "get_all_objects": true,
        "create_object": true,
        "update_object": true,
        "delete_object": true,
        "delete_all_objects": true
    }
}