{"created_at":"2019-12-20T11:45:13.389Z","updated_at":"2019-12-20T11:45:13.389Z","title":"Features","uid":"feature_page","_version":1,"inbuilt_class":false,"schema":[{"display_name":"Title","uid":"title","data_type":"text","field_metadata":{"_default":true,"version":3},"unique":true,"mandatory":true,"multiple":false,"non_localizable":false},{"display_name":"URL","uid":"url","data_type":"text","field_metadata":{"_default":true,"version":3},"unique":false,"mandatory":true,"multiple":false,"non_localizable":false},{"data_type":"group","display_name":"SEO","field_metadata":{"ref_multiple":false},"uid":"seo","mandatory":false,"multiple":false,"unique":false,"schema":[{"data_type":"text","display_name":"Title","uid":"title","field_metadata":{"description":"","version":3},"unique":false,"mandatory":false,"multiple":false,"non_localizable":false},{"data_type":"text","display_name":"Description","uid":"description","field_metadata":{"ref_multiple":false,"multiline":true,"description":"","version":3},"unique":false,"mandatory":false,"multiple":false,"non_localizable":false},{"data_type":"text","display_name":"Keywords","uid":"keywords","field_metadata":{"description":"","version":3},"unique":false,"mandatory":false,"multiple":false,"non_localizable":false}],"non_localizable":false},{"display_name":"Advantages","uid":"advantages","data_type":"group","field_metadata":{"ref_multiple":false,"rich_text_type":"standard","description":""},"mandatory":false,"multiple":false,"unique":false,"schema":[{"display_name":"Content","uid":"content","data_type":"text","field_metadata":{"allow_rich_text":true,"ref_multiple":false,"rich_text_type":"standard","description":"","version":3},"unique":false,"mandatory":false,"multiple":false,"non_localizable":false},{"display_name":"Advantages","uid":"advantages","data_type":"group","field_metadata":{"ref_multiple":false,"rich_text_type":"standard","description":""},"mandatory":false,"multiple":true,"unique":false,"schema":[{"display_name":"Title","uid":"title","data_type":"text","field_metadata":{"_default":true,"version":3},"unique":false,"mandatory":false,"multiple":false,"non_localizable":false},{"display_name":"Description","uid":"description","data_type":"text","field_metadata":{"allow_rich_text":true,"ref_multiple":false,"rich_text_type":"standard","description":"","version":3},"unique":false,"mandatory":false,"multiple":false,"non_localizable":false}],"non_localizable":false},{"display_name":"Tab Section","uid":"tab_section","data_type":"group","field_metadata":{"ref_multiple":false,"rich_text_type":"standard","description":""},"mandatory":false,"multiple":true,"unique":false,"schema":[{"display_name":"Title","uid":"title","data_type":"text","field_metadata":{"_default":true,"version":3},"unique":false,"mandatory":false,"multiple":false,"non_localizable":false},{"display_name":"Description","uid":"description","data_type":"text","field_metadata":{"allow_rich_text":true,"ref_multiple":false,"rich_text_type":"standard","description":"","version":3},"unique":false,"mandatory":false,"multiple":false,"non_localizable":false},{"display_name":"CTA","uid":"cta","data_type":"group","field_metadata":{"ref_multiple":false,"rich_text_type":"standard","description":""},"mandatory":false,"multiple":true,"unique":false,"schema":[{"display_name":"Title","uid":"title","data_type":"text","field_metadata":{"_default":true,"version":3},"unique":false,"mandatory":false,"multiple":false,"non_localizable":false},{"display_name":"Link","uid":"link","data_type":"text","field_metadata":{"ref_multiple":false,"rich_text_type":"standard","description":"","version":3},"unique":false,"mandatory":false,"multiple":false,"non_localizable":false},{"display_name":"Open in New Tab","uid":"open_in_new_tab","data_type":"text","field_metadata":{"ref_multiple":false,"rich_text_type":"standard","description":"","version":3},"unique":false,"mandatory":false,"multiple":false,"non_localizable":false}],"non_localizable":false},{"display_name":"Image","uid":"image","data_type":"file","field_metadata":{"image":true,"ref_multiple":false,"rich_text_type":"standard","description":""},"mandatory":false,"multiple":false,"unique":false,"non_localizable":false}],"non_localizable":false}],"non_localizable":false},{"display_name":"Video Section","uid":"video_section","data_type":"group","field_metadata":{"ref_multiple":false,"rich_text_type":"standard","description":""},"mandatory":false,"multiple":false,"unique":false,"schema":[{"display_name":"Video","uid":"video","data_type":"text","field_metadata":{"allow_rich_text":true,"ref_multiple":false,"rich_text_type":"standard","description":"","version":3},"unique":false,"mandatory":false,"multiple":false,"non_localizable":false},{"display_name":"Image","uid":"image","data_type":"file","field_metadata":{"image":true,"ref_multiple":false,"rich_text_type":"standard","description":""},"mandatory":false,"multiple":false,"unique":false,"non_localizable":false}],"non_localizable":false}],"last_activity":{"environments":[{"uid":"blt86bd054d69719aa9","details":[{"locale":"en-us","time":"2017-04-18T09:04:15.733Z"}]}]},"maintain_revisions":true,"description":"","DEFAULT_ACL":{"others":{"read":false,"create":false},"management_token":{"read":true}},"SYS_ACL":{"roles":[]},"options":{"singleton":true,"_version":1,"sub_title":[],"title":"title","is_page":true},"abilities":{"get_one_object":true,"get_all_objects":true,"create_object":true,"update_object":true,"delete_object":true,"delete_all_objects":true}}