{"created_at":"2019-12-20T10:04:33.917Z","updated_at":"2019-12-20T10:04:33.917Z","title":"Home","uid":"home","_version":1,"inbuilt_class":false,"schema":[{"display_name":"Title","uid":"title","data_type":"text","field_metadata":{"_default":true,"version":3},"unique":true,"mandatory":true,"multiple":false,"non_localizable":false},{"display_name":"URL","uid":"url","data_type":"text","field_metadata":{"_default":true,"version":3},"unique":false,"mandatory":true,"multiple":false,"non_localizable":false},{"data_type":"group","display_name":"SEO","field_metadata":{"ref_multiple":false},"uid":"seo","mandatory":false,"multiple":false,"unique":false,"schema":[{"data_type":"text","display_name":"Title","uid":"title","field_metadata":{"description":"","version":3},"unique":false,"mandatory":false,"multiple":false,"non_localizable":false},{"data_type":"text","display_name":"Description","uid":"description","field_metadata":{"ref_multiple":false,"multiline":true,"description":"","version":3},"unique":false,"mandatory":false,"multiple":false,"non_localizable":false},{"data_type":"text","display_name":"Keywords","uid":"keywords","field_metadata":{"description":"","version":3},"unique":false,"mandatory":false,"multiple":false,"non_localizable":false},{"data_type":"boolean","display_name":"No follow","uid":"no_follow","field_metadata":{"description":"","default_value":true},"multiple":false,"mandatory":false,"unique":false,"non_localizable":false},{"data_type":"boolean","display_name":"No index","uid":"no_index","field_metadata":{"description":"","default_value":true},"multiple":false,"mandatory":false,"unique":false,"non_localizable":false}],"non_localizable":false},{"display_name":"Hero banner","uid":"hero_banner","data_type":"group","field_metadata":{"ref_multiple":false,"rich_text_type":"standard","description":""},"mandatory":false,"multiple":false,"unique":false,"schema":[{"display_name":"Title","uid":"title","data_type":"text","field_metadata":{"ref_multiple":false,"rich_text_type":"standard","description":"","version":3},"unique":false,"mandatory":false,"multiple":false,"non_localizable":false},{"display_name":"Rolling Text","uid":"rolling_text","data_type":"text","field_metadata":{"ref_multiple":false,"rich_text_type":"standard","description":"","version":3},"unique":false,"mandatory":false,"multiple":true,"non_localizable":false},{"display_name":"Description","uid":"description","data_type":"text","field_metadata":{"allow_rich_text":true,"multiline":false,"ref_multiple":false,"rich_text_type":"standard","description":"","version":3},"unique":false,"mandatory":false,"multiple":false,"non_localizable":false},{"display_name":"CTA","uid":"cta","data_type":"group","field_metadata":{"ref_multiple":false,"rich_text_type":"standard","description":""},"mandatory":false,"multiple":true,"unique":false,"schema":[{"display_name":"Title","uid":"title","data_type":"text","field_metadata":{"_default":true,"version":3},"unique":false,"mandatory":false,"multiple":false,"non_localizable":false},{"display_name":"Link","uid":"link","data_type":"text","field_metadata":{"ref_multiple":false,"rich_text_type":"standard","description":"","version":3},"unique":false,"mandatory":false,"multiple":false,"non_localizable":false},{"display_name":"Open in New Tab","uid":"open_in_new_tab","data_type":"boolean","field_metadata":{"ref_multiple":false,"rich_text_type":"standard","description":""},"unique":false,"multiple":false,"mandatory":false,"non_localizable":false}],"non_localizable":false},{"display_name":"banner-image","uid":"banner_image","data_type":"file","field_metadata":{"image":true,"ref_multiple":false,"rich_text_type":"standard","description":""},"mandatory":false,"multiple":false,"unique":false,"non_localizable":false}],"non_localizable":false}],"last_activity":{"environments":[{"uid":"bltde782062802303f2","details":[{"locale":"en-us","time":"2019-12-20T11:29:55.214Z"}]},{"uid":"bltfd71d1a6e904efee","details":[{"locale":"en-us","time":"2017-04-20T06:30:47.131Z"}]},{"uid":"blt86bd054d69719aa9","details":[{"locale":"en-us","time":"2017-04-17T10:10:35.288Z"}]}]},"maintain_revisions":true,"description":"","DEFAULT_ACL":[{"k":"others","v":{"read":false,"create":false}},{"k":"users.blt3fa673086d929bac","v":{"read":true,"sub_acl":{"read":true}}}],"SYS_ACL":{"roles":[]},"options":{"singleton":true,"_version":1,"sub_title":[],"title":"title","is_page":true},"abilities":{"get_one_object":true,"get_all_objects":true,"create_object":true,"update_object":true,"delete_object":true,"delete_all_objects":true}}