{"created_at":"2019-12-23T06:15:50.070Z","updated_at":"2019-12-23T06:15:50.070Z","title":"Products","uid":"product","_version":1,"inbuilt_class":false,"schema":[{"display_name":"Title","uid":"title","data_type":"text","field_metadata":{"_default":true,"version":3},"unique":true,"mandatory":true,"multiple":false,"non_localizable":false},{"display_name":"URL","uid":"url","data_type":"text","field_metadata":{"_default":true,"version":3},"unique":false,"mandatory":false,"multiple":false,"non_localizable":false},{"display_name":"Banner","uid":"banner","data_type":"group","field_metadata":{"ref_multiple":false,"rich_text_type":"standard","description":""},"mandatory":false,"multiple":true,"unique":false,"schema":[{"display_name":"Title","uid":"title","data_type":"text","field_metadata":{"_default":true,"version":3},"unique":false,"mandatory":false,"multiple":false,"non_localizable":false},{"display_name":"Description","uid":"description","data_type":"text","field_metadata":{"allow_rich_text":true,"multiline":false,"ref_multiple":false,"rich_text_type":"standard","description":"","version":3},"unique":false,"mandatory":false,"multiple":false,"non_localizable":false},{"display_name":"CTA","uid":"cta","data_type":"group","field_metadata":{"ref_multiple":false,"rich_text_type":"standard","description":""},"mandatory":false,"multiple":false,"unique":false,"schema":[{"display_name":"Link","uid":"link","data_type":"text","field_metadata":{"ref_multiple":false,"rich_text_type":"standard","description":"","version":3},"unique":false,"mandatory":false,"multiple":false,"non_localizable":false},{"display_name":"Open in New Tab","uid":"open_in_new_tab","data_type":"boolean","field_metadata":{"ref_multiple":false,"rich_text_type":"standard","description":""},"unique":false,"multiple":false,"mandatory":false,"non_localizable":false}],"non_localizable":false},{"display_name":"banner-img","uid":"banner_img","data_type":"file","field_metadata":{"image":true,"ref_multiple":false,"rich_text_type":"standard","description":""},"mandatory":false,"multiple":false,"unique":false,"non_localizable":false}],"non_localizable":false},{"display_name":"Right Sources","uid":"right_sources","data_type":"group","field_metadata":{"ref_multiple":false,"rich_text_type":"standard","description":""},"mandatory":false,"multiple":false,"unique":false,"schema":[{"display_name":"Content","uid":"content","data_type":"text","field_metadata":{"allow_rich_text":true,"ref_multiple":false,"rich_text_type":"standard","description":"","version":3},"unique":false,"mandatory":false,"multiple":false,"non_localizable":false},{"display_name":"Image","uid":"image","data_type":"file","field_metadata":{"image":true,"ref_multiple":false,"rich_text_type":"standard","description":""},"mandatory":false,"multiple":false,"unique":false,"non_localizable":false},{"display_name":"Right Sources Content","uid":"right_sources_content","data_type":"group","field_metadata":{"ref_multiple":false,"rich_text_type":"standard","description":""},"mandatory":false,"multiple":true,"unique":false,"schema":[{"display_name":"Title","uid":"title","data_type":"text","field_metadata":{"_default":true,"version":3},"unique":false,"mandatory":false,"multiple":false,"non_localizable":false},{"display_name":"Description","uid":"description","data_type":"text","field_metadata":{"multiline":true,"ref_multiple":false,"rich_text_type":"standard","description":"","version":3},"unique":false,"mandatory":false,"multiple":false,"non_localizable":false}],"non_localizable":false}],"non_localizable":false},{"display_name":"Real Data","uid":"real_data","data_type":"group","field_metadata":{"ref_multiple":false,"rich_text_type":"standard","description":""},"mandatory":false,"multiple":false,"unique":false,"schema":[{"display_name":"Content","uid":"content","data_type":"text","field_metadata":{"allow_rich_text":true,"ref_multiple":false,"rich_text_type":"standard","description":"","version":3},"unique":false,"mandatory":false,"multiple":false,"non_localizable":false},{"display_name":"Image","uid":"image","data_type":"file","field_metadata":{"image":true,"ref_multiple":false,"rich_text_type":"standard","description":""},"mandatory":false,"multiple":false,"unique":false,"non_localizable":false},{"display_name":"Real Data content","uid":"real_data_content","data_type":"group","field_metadata":{"ref_multiple":false,"rich_text_type":"standard","description":""},"mandatory":false,"multiple":true,"unique":false,"schema":[{"display_name":"Title","uid":"title","data_type":"text","field_metadata":{"_default":true,"version":3},"unique":false,"mandatory":false,"multiple":false,"non_localizable":false},{"display_name":"Description","uid":"description","data_type":"text","field_metadata":{"multiline":true,"ref_multiple":false,"rich_text_type":"standard","description":"","version":3},"unique":false,"mandatory":false,"multiple":false,"non_localizable":false}],"non_localizable":false}],"non_localizable":false},{"display_name":"See it in Action","uid":"see_it_in_action","data_type":"group","field_metadata":{"ref_multiple":false,"rich_text_type":"standard","description":""},"mandatory":false,"multiple":false,"unique":false,"schema":[{"display_name":"Content","uid":"content","data_type":"text","field_metadata":{"allow_rich_text":false,"ref_multiple":false,"rich_text_type":"standard","description":"","version":3},"unique":false,"mandatory":false,"multiple":false,"non_localizable":false},{"display_name":"CTA","uid":"cta","data_type":"group","field_metadata":{"ref_multiple":false,"rich_text_type":"standard","description":""},"mandatory":false,"multiple":false,"unique":false,"schema":[{"display_name":"Tilte","uid":"tilte","data_type":"text","field_metadata":{"ref_multiple":false,"rich_text_type":"standard","description":"","version":3},"unique":false,"mandatory":false,"multiple":false,"non_localizable":false},{"display_name":"Link","uid":"link","data_type":"text","field_metadata":{"ref_multiple":false,"rich_text_type":"standard","description":"","version":3},"unique":false,"mandatory":false,"multiple":false,"non_localizable":false},{"display_name":"Open in New Tab","uid":"open_in_new_tab","data_type":"boolean","field_metadata":{"ref_multiple":false,"rich_text_type":"standard","description":""},"unique":false,"multiple":false,"mandatory":false,"non_localizable":false}],"non_localizable":false}],"non_localizable":false},{"display_name":"Process Communication","uid":"process_communication","data_type":"group","field_metadata":{"ref_multiple":false,"rich_text_type":"standard","description":""},"mandatory":false,"multiple":false,"unique":false,"schema":[{"display_name":"Head Content","uid":"head_content","data_type":"text","field_metadata":{"allow_rich_text":true,"ref_multiple":false,"rich_text_type":"standard","description":"","version":3},"unique":false,"mandatory":false,"multiple":false,"non_localizable":false},{"display_name":"Image","uid":"image","data_type":"file","field_metadata":{"image":true,"ref_multiple":false,"rich_text_type":"standard","description":""},"mandatory":false,"multiple":false,"unique":false,"non_localizable":false},{"display_name":"Process Content","uid":"process_content","data_type":"group","field_metadata":{"multiline":false,"ref_multiple":false,"rich_text_type":"standard","description":""},"mandatory":false,"multiple":true,"unique":false,"schema":[{"display_name":"Title","uid":"title","data_type":"text","field_metadata":{"_default":true,"version":3},"unique":false,"mandatory":false,"multiple":false,"non_localizable":false},{"display_name":"Description","uid":"description","data_type":"text","field_metadata":{"multiline":true,"ref_multiple":false,"rich_text_type":"standard","description":"","version":3},"unique":false,"mandatory":false,"multiple":false,"non_localizable":false}],"non_localizable":false}],"non_localizable":false},{"display_name":"Products","uid":"products","data_type":"group","field_metadata":{"ref_multiple":false,"rich_text_type":"standard","description":""},"mandatory":false,"multiple":false,"unique":false,"schema":[{"display_name":"Content","uid":"content","data_type":"text","field_metadata":{"allow_rich_text":true,"ref_multiple":false,"rich_text_type":"standard","description":"","version":3},"unique":false,"mandatory":false,"multiple":false,"non_localizable":false},{"display_name":"CTA","uid":"cta","data_type":"group","field_metadata":{"ref_multiple":false,"rich_text_type":"standard","description":""},"mandatory":false,"multiple":false,"unique":false,"schema":[{"display_name":"Title","uid":"title","data_type":"text","field_metadata":{"ref_multiple":false,"rich_text_type":"standard","description":"","version":3},"unique":false,"mandatory":false,"multiple":false,"non_localizable":false},{"display_name":"Link","uid":"link","data_type":"text","field_metadata":{"ref_multiple":false,"rich_text_type":"standard","description":"","version":3},"unique":false,"mandatory":false,"multiple":false,"non_localizable":false},{"display_name":"Open in New Tab","uid":"open_in_new_tab","data_type":"boolean","field_metadata":{"ref_multiple":false,"rich_text_type":"standard","description":""},"unique":false,"multiple":false,"mandatory":false,"non_localizable":false}],"non_localizable":false},{"display_name":"Plans","uid":"plans","data_type":"group","field_metadata":{"ref_multiple":false,"rich_text_type":"standard","description":""},"mandatory":false,"multiple":true,"unique":false,"schema":[{"display_name":"Title","uid":"title","data_type":"text","field_metadata":{"_default":true,"version":3},"unique":false,"mandatory":false,"multiple":false,"non_localizable":false},{"data_type":"text","display_name":"Amount","uid":"amount","field_metadata":{"rich_text_type":"advanced","ref_multiple":false,"multiline":false,"description":"","allow_rich_text":true,"version":3},"unique":false,"mandatory":false,"multiple":false,"non_localizable":false},{"display_name":"Label","uid":"label","data_type":"text","field_metadata":{"ref_multiple":false,"rich_text_type":"standard","description":"","version":3},"unique":false,"mandatory":false,"multiple":false,"non_localizable":false},{"display_name":"Features","uid":"features","data_type":"text","field_metadata":{"allow_rich_text":true,"ref_multiple":false,"rich_text_type":"standard","description":"","version":3},"unique":false,"mandatory":false,"multiple":false,"non_localizable":false},{"display_name":"image","uid":"image","data_type":"file","field_metadata":{"image":true,"ref_multiple":false,"rich_text_type":"standard","description":""},"mandatory":false,"multiple":false,"unique":false,"non_localizable":false}],"non_localizable":false}],"non_localizable":false},{"display_name":"Try Now","uid":"try_now","data_type":"group","field_metadata":{"ref_multiple":false,"rich_text_type":"standard","description":""},"mandatory":false,"multiple":false,"unique":false,"schema":[{"display_name":"Content","uid":"content","data_type":"text","field_metadata":{"allow_rich_text":true,"ref_multiple":false,"rich_text_type":"standard","description":"","version":3},"unique":false,"mandatory":false,"multiple":false,"non_localizable":false},{"display_name":"CTA","uid":"cta","data_type":"group","field_metadata":{"ref_multiple":false,"rich_text_type":"standard","description":""},"mandatory":false,"multiple":false,"unique":false,"schema":[{"display_name":"Title","uid":"title","data_type":"text","field_metadata":{"ref_multiple":false,"rich_text_type":"standard","description":"","version":3},"unique":false,"mandatory":false,"multiple":false,"non_localizable":false},{"display_name":"link","uid":"link","data_type":"text","field_metadata":{"ref_multiple":false,"rich_text_type":"standard","description":"","version":3},"unique":false,"mandatory":false,"multiple":false,"non_localizable":false},{"display_name":"Open in New Tab","uid":"open_in_new_tab","data_type":"boolean","field_metadata":{"ref_multiple":false,"rich_text_type":"standard","description":""},"unique":false,"multiple":false,"mandatory":false,"non_localizable":false}],"non_localizable":false}],"non_localizable":false}],"last_activity":{"environments":[{"uid":"bltde782062802303f2","details":[{"locale":"en-us","time":"2019-12-23T08:34:10.156Z"}]},{"uid":"blte87c645ab4ce6c87","details":[{"locale":"en-us","time":"2017-04-20T09:36:43.275Z"}]},{"uid":"bltfd71d1a6e904efee","details":[{"locale":"en-us","time":"2017-04-20T09:36:43.275Z"}]},{"uid":"blt86bd054d69719aa9","details":[{"locale":"en-us","time":"2017-04-20T10:57:03.137Z"}]}]},"maintain_revisions":true,"description":"","DEFAULT_ACL":[{"k":"others","v":{"read":false,"create":false}},{"k":"users.blt3fa673086d929bac","v":{"read":true,"sub_acl":{"read":true}}}],"SYS_ACL":{"roles":[]},"options":{"singleton":false,"url_pattern":"/:unique_id","url_prefix":"/product/","_version":1,"is_page":true,"sub_title":[],"title":"title"},"abilities":{"get_one_object":true,"get_all_objects":true,"create_object":true,"update_object":true,"delete_object":true,"delete_all_objects":true}}